sample	locus	read_count	molecule_count
sample8_S8_R1_001	ABCC3	12	12
sample8_S8_R1_001	ACADSB	59	59
sample8_S8_R1_001	ANXA2	7206	5874
sample8_S8_R1_001	ANXA4	541	528
sample8_S8_R1_001	AOX1	4	4
sample8_S8_R1_001	APOD	0	0
sample8_S8_R1_001	AQP3	89	88
sample8_S8_R1_001	ARG2	8	8
sample8_S8_R1_001	ARID5B	86	86
sample8_S8_R1_001	BCL6	85	82
sample8_S8_R1_001	C10orf10	101	99
sample8_S8_R1_001	C1R	1518	1329
sample8_S8_R1_001	C4BPA	2	2
sample8_S8_R1_001	CD55	141	138
sample8_S8_R1_001	CEBPD	664	633
sample8_S8_R1_001	CFD	76	74
sample8_S8_R1_001	CLDN4	328	323
sample8_S8_R1_001	COMP	0	0
sample8_S8_R1_001	CP	121	117
sample8_S8_R1_001	CRABP2	1263	1234
sample8_S8_R1_001	CYC1	1046	1002
sample8_S8_R1_001	DDX52	113	112
sample8_S8_R1_001	DEFB1	296	292
sample8_S8_R1_001	DKK1	40	39
sample8_S8_R1_001	DPP4	19	19
sample8_S8_R1_001	DYNLT3	425	421
sample8_S8_R1_001	EDN3	410	409
sample8_S8_R1_001	EDNRB	48	47
sample8_S8_R1_001	EFNA1	138	137
sample8_S8_R1_001	ENPEP	10	9
sample8_S8_R1_001	ERCC_00004	62	62
sample8_S8_R1_001	ERCC_00108	11	11
sample8_S8_R1_001	ERCC_00116	2	2
sample8_S8_R1_001	ERCC_00136	24	24
sample8_S8_R1_001	G0S2	47	47
sample8_S8_R1_001	GADD45A	112	109
sample8_S8_R1_001	GBP2	204	203
sample8_S8_R1_001	GNLY	1387	1360
sample8_S8_R1_001	GPX3	67	66
sample8_S8_R1_001	HABP2	23	21
sample8_S8_R1_001	HMBS	253	250
sample8_S8_R1_001	ID4	1193	1162
sample8_S8_R1_001	IDO1	1261	1206
sample8_S8_R1_001	IGFBP1	1	1
sample8_S8_R1_001	IL15	306	263
sample8_S8_R1_001	LAMB3	34	34
sample8_S8_R1_001	MAOA	133	130
sample8_S8_R1_001	MAP3K5	214	213
sample8_S8_R1_001	MMP7	762	751
sample8_S8_R1_001	MT1G	36	34
sample8_S8_R1_001	MT1H	3	3
sample8_S8_R1_001	NDRG1	726	714
sample8_S8_R1_001	NNMT	106	104
sample8_S8_R1_001	OLFM1	356	345
sample8_S8_R1_001	PAEP	48	48
sample8_S8_R1_001	PRUNE2	45	45
sample8_S8_R1_001	S100P	1	1
sample8_S8_R1_001	SDHA	1007	980
sample8_S8_R1_001	SERPING1	1090	1065
sample8_S8_R1_001	SFRP4	3523	3256
sample8_S8_R1_001	SLC1A1	9	9
sample8_S8_R1_001	SPP1	69	67
sample8_S8_R1_001	TBP	256	253
sample8_S8_R1_001	TCN1	7	7
sample8_S8_R1_001	TSPAN8	2	2
sample8_S8_R1_001	unmatched	1031	520
sample1_S1_R1_001	ABCC3	627	617
sample1_S1_R1_001	ACADSB	385	376
sample1_S1_R1_001	ANXA2	27456	16242
sample1_S1_R1_001	ANXA4	7776	6297
sample1_S1_R1_001	AOX1	719	690
sample1_S1_R1_001	APOD	11	11
sample1_S1_R1_001	AQP3	1824	1742
sample1_S1_R1_001	ARG2	342	336
sample1_S1_R1_001	ARID5B	830	780
sample1_S1_R1_001	BCL6	410	402
sample1_S1_R1_001	C10orf10	1676	1626
sample1_S1_R1_001	C1R	3130	2595
sample1_S1_R1_001	C4BPA	1239	1126
sample1_S1_R1_001	CD55	6609	5944
sample1_S1_R1_001	CEBPD	3527	3098
sample1_S1_R1_001	CFD	766	754
sample1_S1_R1_001	CLDN4	6306	5907
sample1_S1_R1_001	COMP	5404	4722
sample1_S1_R1_001	CP	3685	3289
sample1_S1_R1_001	CRABP2	276	275
sample1_S1_R1_001	CYC1	1053	1012
sample1_S1_R1_001	DDX52	2302	2175
sample1_S1_R1_001	DEFB1	4087	3654
sample1_S1_R1_001	DKK1	229	223
sample1_S1_R1_001	DPP4	3659	3050
sample1_S1_R1_001	DYNLT3	2618	2497
sample1_S1_R1_001	EDN3	32	32
sample1_S1_R1_001	EDNRB	873	799
sample1_S1_R1_001	EFNA1	1619	1461
sample1_S1_R1_001	ENPEP	20	20
sample1_S1_R1_001	ERCC_00004	82	81
sample1_S1_R1_001	ERCC_00108	17	17
sample1_S1_R1_001	ERCC_00116	2	2
sample1_S1_R1_001	ERCC_00136	22	22
sample1_S1_R1_001	G0S2	633	620
sample1_S1_R1_001	GADD45A	1869	1649
sample1_S1_R1_001	GBP2	1747	1655
sample1_S1_R1_001	GNLY	17462	15019
sample1_S1_R1_001	GPX3	29416	21667
sample1_S1_R1_001	HABP2	408	398
sample1_S1_R1_001	HMBS	149	149
sample1_S1_R1_001	ID4	4512	4205
sample1_S1_R1_001	IDO1	3558	3156
sample1_S1_R1_001	IGFBP1	366	353
sample1_S1_R1_001	IL15	792	559
sample1_S1_R1_001	LAMB3	1643	1607
sample1_S1_R1_001	MAOA	2867	2595
sample1_S1_R1_001	MAP3K5	1460	1411
sample1_S1_R1_001	MMP7	653	635
sample1_S1_R1_001	MT1G	27393	19065
sample1_S1_R1_001	MT1H	6748	6232
sample1_S1_R1_001	NDRG1	2048	1983
sample1_S1_R1_001	NNMT	1722	1615
sample1_S1_R1_001	OLFM1	23	23
sample1_S1_R1_001	PAEP	141881	54867
sample1_S1_R1_001	PRUNE2	418	408
sample1_S1_R1_001	S100P	945	907
sample1_S1_R1_001	SDHA	989	965
sample1_S1_R1_001	SERPING1	9047	8134
sample1_S1_R1_001	SFRP4	404	397
sample1_S1_R1_001	SLC1A1	825	809
sample1_S1_R1_001	SPP1	11118	8919
sample1_S1_R1_001	TBP	254	252
sample1_S1_R1_001	TCN1	962	934
sample1_S1_R1_001	TSPAN8	2542	2297
sample1_S1_R1_001	unmatched	7887	5762
sample9_S9_R1_001	ABCC3	5	5
sample9_S9_R1_001	ACADSB	65	63
sample9_S9_R1_001	ANXA2	8199	6559
sample9_S9_R1_001	ANXA4	726	704
sample9_S9_R1_001	AOX1	2	2
sample9_S9_R1_001	APOD	1	1
sample9_S9_R1_001	AQP3	251	249
sample9_S9_R1_001	ARG2	10	10
sample9_S9_R1_001	ARID5B	148	145
sample9_S9_R1_001	BCL6	67	67
sample9_S9_R1_001	C10orf10	73	73
sample9_S9_R1_001	C1R	1050	946
sample9_S9_R1_001	C4BPA	5	5
sample9_S9_R1_001	CD55	128	128
sample9_S9_R1_001	CEBPD	758	723
sample9_S9_R1_001	CFD	35	34
sample9_S9_R1_001	CLDN4	463	458
sample9_S9_R1_001	COMP	0	0
sample9_S9_R1_001	CP	80	80
sample9_S9_R1_001	CRABP2	659	650
sample9_S9_R1_001	CYC1	991	958
sample9_S9_R1_001	DDX52	138	137
sample9_S9_R1_001	DEFB1	191	190
sample9_S9_R1_001	DKK1	9	9
sample9_S9_R1_001	DPP4	26	26
sample9_S9_R1_001	DYNLT3	415	414
sample9_S9_R1_001	EDN3	291	289
sample9_S9_R1_001	EDNRB	90	88
sample9_S9_R1_001	EFNA1	146	145
sample9_S9_R1_001	ENPEP	10	10
sample9_S9_R1_001	ERCC_00004	81	81
sample9_S9_R1_001	ERCC_00108	11	11
sample9_S9_R1_001	ERCC_00116	4	4
sample9_S9_R1_001	ERCC_00136	21	21
sample9_S9_R1_001	G0S2	38	38
sample9_S9_R1_001	GADD45A	140	137
sample9_S9_R1_001	GBP2	144	143
sample9_S9_R1_001	GNLY	1994	1939
sample9_S9_R1_001	GPX3	69	69
sample9_S9_R1_001	HABP2	13	12
sample9_S9_R1_001	HMBS	200	199
sample9_S9_R1_001	ID4	543	532
sample9_S9_R1_001	IDO1	703	669
sample9_S9_R1_001	IGFBP1	3	3
sample9_S9_R1_001	IL15	194	169
sample9_S9_R1_001	LAMB3	34	34
sample9_S9_R1_001	MAOA	109	107
sample9_S9_R1_001	MAP3K5	236	234
sample9_S9_R1_001	MMP7	401	397
sample9_S9_R1_001	MT1G	191	189
sample9_S9_R1_001	MT1H	12	12
sample9_S9_R1_001	NDRG1	512	507
sample9_S9_R1_001	NNMT	89	88
sample9_S9_R1_001	OLFM1	299	295
sample9_S9_R1_001	PAEP	211	209
sample9_S9_R1_001	PRUNE2	118	118
sample9_S9_R1_001	S100P	2	2
sample9_S9_R1_001	SDHA	856	839
sample9_S9_R1_001	SERPING1	780	767
sample9_S9_R1_001	SFRP4	3126	2898
sample9_S9_R1_001	SLC1A1	15	15
sample9_S9_R1_001	SPP1	625	608
sample9_S9_R1_001	TBP	338	334
sample9_S9_R1_001	TCN1	50	50
sample9_S9_R1_001	TSPAN8	11	11
sample9_S9_R1_001	unmatched	1100	499
sample2_S2_R1_001	ABCC3	567	553
sample2_S2_R1_001	ACADSB	423	410
sample2_S2_R1_001	ANXA2	28918	16786
sample2_S2_R1_001	ANXA4	7277	5940
sample2_S2_R1_001	AOX1	569	548
sample2_S2_R1_001	APOD	10	10
sample2_S2_R1_001	AQP3	2228	2109
sample2_S2_R1_001	ARG2	233	229
sample2_S2_R1_001	ARID5B	894	845
sample2_S2_R1_001	BCL6	457	447
sample2_S2_R1_001	C10orf10	1483	1442
sample2_S2_R1_001	C1R	5047	3860
sample2_S2_R1_001	C4BPA	3906	3172
sample2_S2_R1_001	CD55	5311	4839
sample2_S2_R1_001	CEBPD	4201	3630
sample2_S2_R1_001	CFD	1919	1859
sample2_S2_R1_001	CLDN4	4933	4676
sample2_S2_R1_001	COMP	3380	3099
sample2_S2_R1_001	CP	6547	5584
sample2_S2_R1_001	CRABP2	279	275
sample2_S2_R1_001	CYC1	1212	1148
sample2_S2_R1_001	DDX52	1674	1580
sample2_S2_R1_001	DEFB1	3773	3409
sample2_S2_R1_001	DKK1	244	235
sample2_S2_R1_001	DPP4	2685	2321
sample2_S2_R1_001	DYNLT3	2396	2277
sample2_S2_R1_001	EDN3	30	29
sample2_S2_R1_001	EDNRB	792	729
sample2_S2_R1_001	EFNA1	1227	1112
sample2_S2_R1_001	ENPEP	19	19
sample2_S2_R1_001	ERCC_00004	76	76
sample2_S2_R1_001	ERCC_00108	13	13
sample2_S2_R1_001	ERCC_00116	3	3
sample2_S2_R1_001	ERCC_00136	13	13
sample2_S2_R1_001	G0S2	1369	1289
sample2_S2_R1_001	GADD45A	1786	1587
sample2_S2_R1_001	GBP2	2157	2027
sample2_S2_R1_001	GNLY	16502	14234
sample2_S2_R1_001	GPX3	31953	23072
sample2_S2_R1_001	HABP2	938	912
sample2_S2_R1_001	HMBS	253	250
sample2_S2_R1_001	ID4	6984	6297
sample2_S2_R1_001	IDO1	4495	3908
sample2_S2_R1_001	IGFBP1	313	305
sample2_S2_R1_001	IL15	987	674
sample2_S2_R1_001	LAMB3	2114	2056
sample2_S2_R1_001	MAOA	2251	2059
sample2_S2_R1_001	MAP3K5	1210	1168
sample2_S2_R1_001	MMP7	2603	2421
sample2_S2_R1_001	MT1G	17186	13339
sample2_S2_R1_001	MT1H	3576	3422
sample2_S2_R1_001	NDRG1	2251	2190
sample2_S2_R1_001	NNMT	3110	2812
sample2_S2_R1_001	OLFM1	39	38
sample2_S2_R1_001	PAEP	168027	57405
sample2_S2_R1_001	PRUNE2	702	682
sample2_S2_R1_001	S100P	1189	1124
sample2_S2_R1_001	SDHA	1300	1257
sample2_S2_R1_001	SERPING1	13966	11974
sample2_S2_R1_001	SFRP4	468	456
sample2_S2_R1_001	SLC1A1	836	816
sample2_S2_R1_001	SPP1	11563	9193
sample2_S2_R1_001	TBP	287	283
sample2_S2_R1_001	TCN1	873	841
sample2_S2_R1_001	TSPAN8	863	824
sample2_S2_R1_001	unmatched	58453	7805
sample10_S10_R1_001	ABCC3	17	17
sample10_S10_R1_001	ACADSB	80	79
sample10_S10_R1_001	ANXA2	9450	7282
sample10_S10_R1_001	ANXA4	946	904
sample10_S10_R1_001	AOX1	6	5
sample10_S10_R1_001	APOD	3	3
sample10_S10_R1_001	AQP3	142	141
sample10_S10_R1_001	ARG2	17	17
sample10_S10_R1_001	ARID5B	192	187
sample10_S10_R1_001	BCL6	98	96
sample10_S10_R1_001	C10orf10	102	101
sample10_S10_R1_001	C1R	1187	1067
sample10_S10_R1_001	C4BPA	29	29
sample10_S10_R1_001	CD55	182	180
sample10_S10_R1_001	CEBPD	745	724
sample10_S10_R1_001	CFD	76	76
sample10_S10_R1_001	CLDN4	579	570
sample10_S10_R1_001	COMP	11	11
sample10_S10_R1_001	CP	336	329
sample10_S10_R1_001	CRABP2	1722	1667
sample10_S10_R1_001	CYC1	1187	1131
sample10_S10_R1_001	DDX52	151	147
sample10_S10_R1_001	DEFB1	455	443
sample10_S10_R1_001	DKK1	17	17
sample10_S10_R1_001	DPP4	33	33
sample10_S10_R1_001	DYNLT3	622	606
sample10_S10_R1_001	EDN3	602	587
sample10_S10_R1_001	EDNRB	92	91
sample10_S10_R1_001	EFNA1	151	147
sample10_S10_R1_001	ENPEP	5	5
sample10_S10_R1_001	ERCC_00004	79	79
sample10_S10_R1_001	ERCC_00108	14	14
sample10_S10_R1_001	ERCC_00116	5	5
sample10_S10_R1_001	ERCC_00136	14	14
sample10_S10_R1_001	G0S2	42	42
sample10_S10_R1_001	GADD45A	152	148
sample10_S10_R1_001	GBP2	197	195
sample10_S10_R1_001	GNLY	1809	1764
sample10_S10_R1_001	GPX3	204	203
sample10_S10_R1_001	HABP2	48	47
sample10_S10_R1_001	HMBS	276	272
sample10_S10_R1_001	ID4	1106	1079
sample10_S10_R1_001	IDO1	1417	1344
sample10_S10_R1_001	IGFBP1	11	11
sample10_S10_R1_001	IL15	215	182
sample10_S10_R1_001	LAMB3	71	70
sample10_S10_R1_001	MAOA	131	128
sample10_S10_R1_001	MAP3K5	218	215
sample10_S10_R1_001	MMP7	1156	1113
sample10_S10_R1_001	MT1G	433	428
sample10_S10_R1_001	MT1H	82	82
sample10_S10_R1_001	NDRG1	496	492
sample10_S10_R1_001	NNMT	75	75
sample10_S10_R1_001	OLFM1	389	373
sample10_S10_R1_001	PAEP	549	539
sample10_S10_R1_001	PRUNE2	158	155
sample10_S10_R1_001	S100P	46	46
sample10_S10_R1_001	SDHA	1084	1059
sample10_S10_R1_001	SERPING1	935	921
sample10_S10_R1_001	SFRP4	5085	4567
sample10_S10_R1_001	SLC1A1	7	7
sample10_S10_R1_001	SPP1	417	406
sample10_S10_R1_001	TBP	302	298
sample10_S10_R1_001	TCN1	33	32
sample10_S10_R1_001	TSPAN8	11	11
sample10_S10_R1_001	unmatched	1503	667
sample3_S3_R1_001	ABCC3	859	844
sample3_S3_R1_001	ACADSB	637	617
sample3_S3_R1_001	ANXA2	24392	15033
sample3_S3_R1_001	ANXA4	8167	6432
sample3_S3_R1_001	AOX1	716	688
sample3_S3_R1_001	APOD	8	8
sample3_S3_R1_001	AQP3	1386	1320
sample3_S3_R1_001	ARG2	262	261
sample3_S3_R1_001	ARID5B	1037	982
sample3_S3_R1_001	BCL6	729	706
sample3_S3_R1_001	C10orf10	1768	1713
sample3_S3_R1_001	C1R	4817	3797
sample3_S3_R1_001	C4BPA	2845	2461
sample3_S3_R1_001	CD55	7557	6719
sample3_S3_R1_001	CEBPD	4496	3880
sample3_S3_R1_001	CFD	2915	2790
sample3_S3_R1_001	CLDN4	7193	6663
sample3_S3_R1_001	COMP	4341	3866
sample3_S3_R1_001	CP	5095	4495
sample3_S3_R1_001	CRABP2	327	324
sample3_S3_R1_001	CYC1	1161	1109
sample3_S3_R1_001	DDX52	2018	1914
sample3_S3_R1_001	DEFB1	3080	2854
sample3_S3_R1_001	DKK1	311	302
sample3_S3_R1_001	DPP4	3401	2935
sample3_S3_R1_001	DYNLT3	2779	2648
sample3_S3_R1_001	EDN3	28	28
sample3_S3_R1_001	EDNRB	1004	919
sample3_S3_R1_001	EFNA1	1834	1648
sample3_S3_R1_001	ENPEP	29	29
sample3_S3_R1_001	ERCC_00004	60	60
sample3_S3_R1_001	ERCC_00108	12	12
sample3_S3_R1_001	ERCC_00116	3	3
sample3_S3_R1_001	ERCC_00136	15	15
sample3_S3_R1_001	G0S2	6138	5216
sample3_S3_R1_001	GADD45A	2567	2190
sample3_S3_R1_001	GBP2	1782	1683
sample3_S3_R1_001	GNLY	21148	17508
sample3_S3_R1_001	GPX3	60832	34996
sample3_S3_R1_001	HABP2	604	595
sample3_S3_R1_001	HMBS	190	188
sample3_S3_R1_001	ID4	8944	7951
sample3_S3_R1_001	IDO1	5521	4749
sample3_S3_R1_001	IGFBP1	2876	2561
sample3_S3_R1_001	IL15	718	530
sample3_S3_R1_001	LAMB3	4492	4276
sample3_S3_R1_001	MAOA	2740	2437
sample3_S3_R1_001	MAP3K5	1340	1289
sample3_S3_R1_001	MMP7	881	851
sample3_S3_R1_001	MT1G	16289	12819
sample3_S3_R1_001	MT1H	4780	4497
sample3_S3_R1_001	NDRG1	3049	2917
sample3_S3_R1_001	NNMT	3425	3087
sample3_S3_R1_001	OLFM1	68	68
sample3_S3_R1_001	PAEP	172492	57750
sample3_S3_R1_001	PRUNE2	524	506
sample3_S3_R1_001	S100P	625	609
sample3_S3_R1_001	SDHA	1366	1321
sample3_S3_R1_001	SERPING1	14080	12020
sample3_S3_R1_001	SFRP4	232	229
sample3_S3_R1_001	SLC1A1	1139	1116
sample3_S3_R1_001	SPP1	8881	7450
sample3_S3_R1_001	TBP	282	276
sample3_S3_R1_001	TCN1	1756	1672
sample3_S3_R1_001	TSPAN8	1585	1477
sample3_S3_R1_001	unmatched	9468	6960
sample11_S11_R1_001	ABCC3	20	20
sample11_S11_R1_001	ACADSB	98	96
sample11_S11_R1_001	ANXA2	6323	5216
sample11_S11_R1_001	ANXA4	768	742
sample11_S11_R1_001	AOX1	1	1
sample11_S11_R1_001	APOD	0	0
sample11_S11_R1_001	AQP3	53	53
sample11_S11_R1_001	ARG2	7	7
sample11_S11_R1_001	ARID5B	160	158
sample11_S11_R1_001	BCL6	135	134
sample11_S11_R1_001	C10orf10	150	149
sample11_S11_R1_001	C1R	917	838
sample11_S11_R1_001	C4BPA	6	6
sample11_S11_R1_001	CD55	181	179
sample11_S11_R1_001	CEBPD	828	789
sample11_S11_R1_001	CFD	55	54
sample11_S11_R1_001	CLDN4	298	295
sample11_S11_R1_001	COMP	0	0
sample11_S11_R1_001	CP	57	56
sample11_S11_R1_001	CRABP2	715	707
sample11_S11_R1_001	CYC1	1015	986
sample11_S11_R1_001	DDX52	136	134
sample11_S11_R1_001	DEFB1	178	178
sample11_S11_R1_001	DKK1	11	11
sample11_S11_R1_001	DPP4	38	38
sample11_S11_R1_001	DYNLT3	532	524
sample11_S11_R1_001	EDN3	939	917
sample11_S11_R1_001	EDNRB	44	43
sample11_S11_R1_001	EFNA1	149	145
sample11_S11_R1_001	ENPEP	7	7
sample11_S11_R1_001	ERCC_00004	67	67
sample11_S11_R1_001	ERCC_00108	11	11
sample11_S11_R1_001	ERCC_00116	2	2
sample11_S11_R1_001	ERCC_00136	12	12
sample11_S11_R1_001	G0S2	36	35
sample11_S11_R1_001	GADD45A	112	110
sample11_S11_R1_001	GBP2	86	86
sample11_S11_R1_001	GNLY	520	511
sample11_S11_R1_001	GPX3	51	51
sample11_S11_R1_001	HABP2	10	10
sample11_S11_R1_001	HMBS	185	185
sample11_S11_R1_001	ID4	740	725
sample11_S11_R1_001	IDO1	685	654
sample11_S11_R1_001	IGFBP1	7	7
sample11_S11_R1_001	IL15	138	115
sample11_S11_R1_001	LAMB3	31	31
sample11_S11_R1_001	MAOA	52	52
sample11_S11_R1_001	MAP3K5	157	156
sample11_S11_R1_001	MMP7	390	385
sample11_S11_R1_001	MT1G	156	154
sample11_S11_R1_001	MT1H	4	4
sample11_S11_R1_001	NDRG1	601	590
sample11_S11_R1_001	NNMT	54	53
sample11_S11_R1_001	OLFM1	465	439
sample11_S11_R1_001	PAEP	49	49
sample11_S11_R1_001	PRUNE2	38	38
sample11_S11_R1_001	S100P	2	2
sample11_S11_R1_001	SDHA	1110	1087
sample11_S11_R1_001	SERPING1	683	673
sample11_S11_R1_001	SFRP4	3547	3310
sample11_S11_R1_001	SLC1A1	27	26
sample11_S11_R1_001	SPP1	229	227
sample11_S11_R1_001	TBP	318	317
sample11_S11_R1_001	TCN1	24	23
sample11_S11_R1_001	TSPAN8	3	3
sample11_S11_R1_001	unmatched	1217	512
sample4_S4_R1_001	ABCC3	451	446
sample4_S4_R1_001	ACADSB	288	283
sample4_S4_R1_001	ANXA2	43632	21954
sample4_S4_R1_001	ANXA4	6137	5133
sample4_S4_R1_001	AOX1	437	429
sample4_S4_R1_001	APOD	89	87
sample4_S4_R1_001	AQP3	1946	1864
sample4_S4_R1_001	ARG2	235	228
sample4_S4_R1_001	ARID5B	564	543
sample4_S4_R1_001	BCL6	685	656
sample4_S4_R1_001	C10orf10	1403	1374
sample4_S4_R1_001	C1R	7602	5489
sample4_S4_R1_001	C4BPA	3062	2536
sample4_S4_R1_001	CD55	5121	4719
sample4_S4_R1_001	CEBPD	7316	5924
sample4_S4_R1_001	CFD	4599	4300
sample4_S4_R1_001	CLDN4	6407	5978
sample4_S4_R1_001	COMP	1262	1202
sample4_S4_R1_001	CP	5841	5041
sample4_S4_R1_001	CRABP2	682	673
sample4_S4_R1_001	CYC1	1864	1756
sample4_S4_R1_001	DDX52	2026	1907
sample4_S4_R1_001	DEFB1	6305	5503
sample4_S4_R1_001	DKK1	627	588
sample4_S4_R1_001	DPP4	1909	1712
sample4_S4_R1_001	DYNLT3	2698	2550
sample4_S4_R1_001	EDN3	26	26
sample4_S4_R1_001	EDNRB	978	901
sample4_S4_R1_001	EFNA1	2473	2146
sample4_S4_R1_001	ENPEP	38	37
sample4_S4_R1_001	ERCC_00004	78	78
sample4_S4_R1_001	ERCC_00108	14	12
sample4_S4_R1_001	ERCC_00116	4	4
sample4_S4_R1_001	ERCC_00136	18	18
sample4_S4_R1_001	G0S2	1933	1776
sample4_S4_R1_001	GADD45A	2696	2296
sample4_S4_R1_001	GBP2	3295	3025
sample4_S4_R1_001	GNLY	37986	27820
sample4_S4_R1_001	GPX3	41259	27565
sample4_S4_R1_001	HABP2	990	967
sample4_S4_R1_001	HMBS	316	310
sample4_S4_R1_001	ID4	8789	7813
sample4_S4_R1_001	IDO1	6866	5671
sample4_S4_R1_001	IGFBP1	235	229
sample4_S4_R1_001	IL15	1794	1159
sample4_S4_R1_001	LAMB3	2277	2222
sample4_S4_R1_001	MAOA	3671	3253
sample4_S4_R1_001	MAP3K5	1462	1427
sample4_S4_R1_001	MMP7	2856	2668
sample4_S4_R1_001	MT1G	16260	12974
sample4_S4_R1_001	MT1H	4533	4290
sample4_S4_R1_001	NDRG1	2201	2134
sample4_S4_R1_001	NNMT	6116	5220
sample4_S4_R1_001	OLFM1	87	87
sample4_S4_R1_001	PAEP	103544	48949
sample4_S4_R1_001	PRUNE2	1065	1018
sample4_S4_R1_001	S100P	2114	1938
sample4_S4_R1_001	SDHA	1550	1496
sample4_S4_R1_001	SERPING1	24264	18949
sample4_S4_R1_001	SFRP4	751	732
sample4_S4_R1_001	SLC1A1	804	785
sample4_S4_R1_001	SPP1	8448	7143
sample4_S4_R1_001	TBP	418	411
sample4_S4_R1_001	TCN1	3639	3291
sample4_S4_R1_001	TSPAN8	435	419
sample4_S4_R1_001	unmatched	8759	6538
sample12_S12_R1_001	ABCC3	286	283
sample12_S12_R1_001	ACADSB	152	150
sample12_S12_R1_001	ANXA2	24425	15243
sample12_S12_R1_001	ANXA4	3254	2888
sample12_S12_R1_001	AOX1	193	187
sample12_S12_R1_001	APOD	57	55
sample12_S12_R1_001	AQP3	1096	1068
sample12_S12_R1_001	ARG2	132	131
sample12_S12_R1_001	ARID5B	351	342
sample12_S12_R1_001	BCL6	352	343
sample12_S12_R1_001	C10orf10	782	767
sample12_S12_R1_001	C1R	4211	3382
sample12_S12_R1_001	C4BPA	1696	1522
sample12_S12_R1_001	CD55	2943	2791
sample12_S12_R1_001	CEBPD	4232	3662
sample12_S12_R1_001	CFD	2071	1996
sample12_S12_R1_001	CLDN4	3526	3367
sample12_S12_R1_001	COMP	737	711
sample12_S12_R1_001	CP	3257	2967
sample12_S12_R1_001	CRABP2	404	397
sample12_S12_R1_001	CYC1	1074	1036
sample12_S12_R1_001	DDX52	1203	1162
sample12_S12_R1_001	DEFB1	3430	3134
sample12_S12_R1_001	DKK1	388	370
sample12_S12_R1_001	DPP4	1017	948
sample12_S12_R1_001	DYNLT3	1385	1340
sample12_S12_R1_001	EDN3	18	18
sample12_S12_R1_001	EDNRB	604	564
sample12_S12_R1_001	EFNA1	1363	1228
sample12_S12_R1_001	ENPEP	19	18
sample12_S12_R1_001	ERCC_00004	71	71
sample12_S12_R1_001	ERCC_00108	13	13
sample12_S12_R1_001	ERCC_00116	5	5
sample12_S12_R1_001	ERCC_00136	17	17
sample12_S12_R1_001	G0S2	1115	1073
sample12_S12_R1_001	GADD45A	1549	1388
sample12_S12_R1_001	GBP2	1806	1706
sample12_S12_R1_001	GNLY	21092	17465
sample12_S12_R1_001	GPX3	23803	18580
sample12_S12_R1_001	HABP2	549	534
sample12_S12_R1_001	HMBS	168	167
sample12_S12_R1_001	ID4	4700	4372
sample12_S12_R1_001	IDO1	3768	3341
sample12_S12_R1_001	IGFBP1	155	150
sample12_S12_R1_001	IL15	976	722
sample12_S12_R1_001	LAMB3	1300	1271
sample12_S12_R1_001	MAOA	1970	1828
sample12_S12_R1_001	MAP3K5	847	829
sample12_S12_R1_001	MMP7	1549	1483
sample12_S12_R1_001	MT1G	9212	8045
sample12_S12_R1_001	MT1H	2520	2434
sample12_S12_R1_001	NDRG1	1250	1221
sample12_S12_R1_001	NNMT	3469	3114
sample12_S12_R1_001	OLFM1	45	45
sample12_S12_R1_001	PAEP	59726	37095
sample12_S12_R1_001	PRUNE2	655	630
sample12_S12_R1_001	S100P	1187	1137
sample12_S12_R1_001	SDHA	933	896
sample12_S12_R1_001	SERPING1	13568	11689
sample12_S12_R1_001	SFRP4	371	366
sample12_S12_R1_001	SLC1A1	415	410
sample12_S12_R1_001	SPP1	4437	4030
sample12_S12_R1_001	TBP	235	234
sample12_S12_R1_001	TCN1	2061	1938
sample12_S12_R1_001	TSPAN8	238	230
sample12_S12_R1_001	unmatched	5081	4125
sample5_S5_R1_001	ABCC3	463	457
sample5_S5_R1_001	ACADSB	277	273
sample5_S5_R1_001	ANXA2	22409	14250
sample5_S5_R1_001	ANXA4	6277	5265
sample5_S5_R1_001	AOX1	601	574
sample5_S5_R1_001	APOD	12	12
sample5_S5_R1_001	AQP3	1552	1488
sample5_S5_R1_001	ARG2	265	263
sample5_S5_R1_001	ARID5B	624	593
sample5_S5_R1_001	BCL6	298	288
sample5_S5_R1_001	C10orf10	1277	1244
sample5_S5_R1_001	C1R	2534	2103
sample5_S5_R1_001	C4BPA	1091	1011
sample5_S5_R1_001	CD55	5412	4968
sample5_S5_R1_001	CEBPD	2900	2634
sample5_S5_R1_001	CFD	633	619
sample5_S5_R1_001	CLDN4	5032	4755
sample5_S5_R1_001	COMP	4330	3864
sample5_S5_R1_001	CP	2906	2668
sample5_S5_R1_001	CRABP2	220	219
sample5_S5_R1_001	CYC1	825	804
sample5_S5_R1_001	DDX52	1954	1847
sample5_S5_R1_001	DEFB1	3412	3123
sample5_S5_R1_001	DKK1	188	185
sample5_S5_R1_001	DPP4	2955	2502
sample5_S5_R1_001	DYNLT3	2084	1996
sample5_S5_R1_001	EDN3	27	27
sample5_S5_R1_001	EDNRB	750	695
sample5_S5_R1_001	EFNA1	1365	1253
sample5_S5_R1_001	ENPEP	17	17
sample5_S5_R1_001	ERCC_00004	84	83
sample5_S5_R1_001	ERCC_00108	14	14
sample5_S5_R1_001	ERCC_00116	2	2
sample5_S5_R1_001	ERCC_00136	13	13
sample5_S5_R1_001	G0S2	531	509
sample5_S5_R1_001	GADD45A	1642	1451
sample5_S5_R1_001	GBP2	1501	1440
sample5_S5_R1_001	GNLY	13862	12310
sample5_S5_R1_001	GPX3	24226	18659
sample5_S5_R1_001	HABP2	314	310
sample5_S5_R1_001	HMBS	129	127
sample5_S5_R1_001	ID4	3588	3396
sample5_S5_R1_001	IDO1	2912	2599
sample5_S5_R1_001	IGFBP1	297	291
sample5_S5_R1_001	IL15	635	496
sample5_S5_R1_001	LAMB3	1313	1279
sample5_S5_R1_001	MAOA	2307	2111
sample5_S5_R1_001	MAP3K5	1133	1102
sample5_S5_R1_001	MMP7	561	552
sample5_S5_R1_001	MT1G	22793	16671
sample5_S5_R1_001	MT1H	5519	5171
sample5_S5_R1_001	NDRG1	1888	1840
sample5_S5_R1_001	NNMT	1477	1411
sample5_S5_R1_001	OLFM1	33	33
sample5_S5_R1_001	PAEP	118826	51787
sample5_S5_R1_001	PRUNE2	355	350
sample5_S5_R1_001	S100P	801	765
sample5_S5_R1_001	SDHA	818	795
sample5_S5_R1_001	SERPING1	7441	6795
sample5_S5_R1_001	SFRP4	310	303
sample5_S5_R1_001	SLC1A1	694	680
sample5_S5_R1_001	SPP1	9203	7655
sample5_S5_R1_001	TBP	196	193
sample5_S5_R1_001	TCN1	733	710
sample5_S5_R1_001	TSPAN8	2034	1867
sample5_S5_R1_001	unmatched	6246	4871
sample6_S6_R1_001	ABCC3	247	244
sample6_S6_R1_001	ACADSB	170	168
sample6_S6_R1_001	ANXA2	22740	14293
sample6_S6_R1_001	ANXA4	3012	2747
sample6_S6_R1_001	AOX1	205	204
sample6_S6_R1_001	APOD	39	39
sample6_S6_R1_001	AQP3	1050	1020
sample6_S6_R1_001	ARG2	123	123
sample6_S6_R1_001	ARID5B	340	333
sample6_S6_R1_001	BCL6	372	361
sample6_S6_R1_001	C10orf10	713	703
sample6_S6_R1_001	C1R	3851	3114
sample6_S6_R1_001	C4BPA	1575	1405
sample6_S6_R1_001	CD55	2675	2544
sample6_S6_R1_001	CEBPD	3875	3390
sample6_S6_R1_001	CFD	2406	2323
sample6_S6_R1_001	CLDN4	3194	3068
sample6_S6_R1_001	COMP	697	681
sample6_S6_R1_001	CP	3043	2769
sample6_S6_R1_001	CRABP2	355	349
sample6_S6_R1_001	CYC1	906	865
sample6_S6_R1_001	DDX52	1124	1095
sample6_S6_R1_001	DEFB1	3242	2986
sample6_S6_R1_001	DKK1	353	351
sample6_S6_R1_001	DPP4	1007	927
sample6_S6_R1_001	DYNLT3	1364	1322
sample6_S6_R1_001	EDN3	16	16
sample6_S6_R1_001	EDNRB	574	535
sample6_S6_R1_001	EFNA1	1287	1165
sample6_S6_R1_001	ENPEP	27	27
sample6_S6_R1_001	ERCC_00004	54	53
sample6_S6_R1_001	ERCC_00108	5	5
sample6_S6_R1_001	ERCC_00116	2	2
sample6_S6_R1_001	ERCC_00136	18	18
sample6_S6_R1_001	G0S2	1010	960
sample6_S6_R1_001	GADD45A	1377	1258
sample6_S6_R1_001	GBP2	1688	1591
sample6_S6_R1_001	GNLY	19817	16646
sample6_S6_R1_001	GPX3	22110	17424
sample6_S6_R1_001	HABP2	516	506
sample6_S6_R1_001	HMBS	186	184
sample6_S6_R1_001	ID4	4618	4316
sample6_S6_R1_001	IDO1	3489	3117
sample6_S6_R1_001	IGFBP1	159	157
sample6_S6_R1_001	IL15	988	696
sample6_S6_R1_001	LAMB3	1255	1232
sample6_S6_R1_001	MAOA	1888	1729
sample6_S6_R1_001	MAP3K5	765	751
sample6_S6_R1_001	MMP7	1527	1457
sample6_S6_R1_001	MT1G	8679	7520
sample6_S6_R1_001	MT1H	2333	2270
sample6_S6_R1_001	NDRG1	1061	1033
sample6_S6_R1_001	NNMT	3116	2849
sample6_S6_R1_001	OLFM1	30	30
sample6_S6_R1_001	PAEP	55561	35418
sample6_S6_R1_001	PRUNE2	623	610
sample6_S6_R1_001	S100P	1116	1059
sample6_S6_R1_001	SDHA	832	817
sample6_S6_R1_001	SERPING1	12708	10970
sample6_S6_R1_001	SFRP4	362	352
sample6_S6_R1_001	SLC1A1	423	416
sample6_S6_R1_001	SPP1	4431	4021
sample6_S6_R1_001	TBP	212	211
sample6_S6_R1_001	TCN1	1875	1781
sample6_S6_R1_001	TSPAN8	209	203
sample6_S6_R1_001	unmatched	4568	3625
sample7_S7_R1_001	ABCC3	996	978
sample7_S7_R1_001	ACADSB	557	541
sample7_S7_R1_001	ANXA2	46863	22976
sample7_S7_R1_001	ANXA4	13057	9614
sample7_S7_R1_001	AOX1	1303	1206
sample7_S7_R1_001	APOD	19	19
sample7_S7_R1_001	AQP3	3096	2916
sample7_S7_R1_001	ARG2	574	565
sample7_S7_R1_001	ARID5B	1181	1087
sample7_S7_R1_001	BCL6	464	448
sample7_S7_R1_001	C10orf10	2362	2286
sample7_S7_R1_001	C1R	5193	3961
sample7_S7_R1_001	C4BPA	2247	1944
sample7_S7_R1_001	CD55	10606	9157
sample7_S7_R1_001	CEBPD	5565	4642
sample7_S7_R1_001	CFD	734	716
sample7_S7_R1_001	CLDN4	10347	9328
sample7_S7_R1_001	COMP	6988	5937
sample7_S7_R1_001	CP	5809	4995
sample7_S7_R1_001	CRABP2	466	461
sample7_S7_R1_001	CYC1	1695	1593
sample7_S7_R1_001	DDX52	3618	3295
sample7_S7_R1_001	DEFB1	7030	6096
sample7_S7_R1_001	DKK1	324	308
sample7_S7_R1_001	DPP4	6074	4713
sample7_S7_R1_001	DYNLT3	4340	4016
sample7_S7_R1_001	EDN3	44	44
sample7_S7_R1_001	EDNRB	1461	1277
sample7_S7_R1_001	EFNA1	2747	2352
sample7_S7_R1_001	ENPEP	25	25
sample7_S7_R1_001	ERCC_00004	58	58
sample7_S7_R1_001	ERCC_00108	5	5
sample7_S7_R1_001	ERCC_00116	3	3
sample7_S7_R1_001	ERCC_00136	15	15
sample7_S7_R1_001	G0S2	859	830
sample7_S7_R1_001	GADD45A	2572	2193
sample7_S7_R1_001	GBP2	3077	2827
sample7_S7_R1_001	GNLY	28701	22548
sample7_S7_R1_001	GPX3	46907	29983
sample7_S7_R1_001	HABP2	651	638
sample7_S7_R1_001	HMBS	229	226
sample7_S7_R1_001	ID4	7190	6475
sample7_S7_R1_001	IDO1	5993	5069
sample7_S7_R1_001	IGFBP1	552	533
sample7_S7_R1_001	IL15	1288	905
sample7_S7_R1_001	LAMB3	2495	2405
sample7_S7_R1_001	MAOA	4721	4000
sample7_S7_R1_001	MAP3K5	2304	2198
sample7_S7_R1_001	MMP7	1145	1109
sample7_S7_R1_001	MT1G	44318	26693
sample7_S7_R1_001	MT1H	10769	9518
sample7_S7_R1_001	NDRG1	1518	1471
sample7_S7_R1_001	NNMT	2906	2663
sample7_S7_R1_001	OLFM1	49	49
sample7_S7_R1_001	PAEP	208711	60176
sample7_S7_R1_001	PRUNE2	705	689
sample7_S7_R1_001	S100P	1725	1598
sample7_S7_R1_001	SDHA	1844	1786
sample7_S7_R1_001	SERPING1	14854	12587
sample7_S7_R1_001	SFRP4	633	622
sample7_S7_R1_001	SLC1A1	1395	1347
sample7_S7_R1_001	SPP1	18896	13569
sample7_S7_R1_001	TBP	435	431
sample7_S7_R1_001	TCN1	1586	1506
sample7_S7_R1_001	TSPAN8	4165	3608
sample7_S7_R1_001	unmatched	11294	8088
Undetermined_S0_R1_001	ABCC3	249	247
Undetermined_S0_R1_001	ACADSB	186	185
Undetermined_S0_R1_001	ANXA2	37023	19713
Undetermined_S0_R1_001	ANXA4	5661	4799
Undetermined_S0_R1_001	AOX1	143	142
Undetermined_S0_R1_001	APOD	14	14
Undetermined_S0_R1_001	AQP3	2280	2155
Undetermined_S0_R1_001	ARG2	392	387
Undetermined_S0_R1_001	ARID5B	452	439
Undetermined_S0_R1_001	BCL6	445	437
Undetermined_S0_R1_001	C10orf10	3768	3580
Undetermined_S0_R1_001	C1R	3552	2849
Undetermined_S0_R1_001	C4BPA	1147	1050
Undetermined_S0_R1_001	CD55	5110	4747
Undetermined_S0_R1_001	CEBPD	4892	4090
Undetermined_S0_R1_001	CFD	905	893
Undetermined_S0_R1_001	CLDN4	5925	5566
Undetermined_S0_R1_001	COMP	754	730
Undetermined_S0_R1_001	CP	3571	3233
Undetermined_S0_R1_001	CRABP2	230	229
Undetermined_S0_R1_001	CYC1	966	933
Undetermined_S0_R1_001	DDX52	1926	1830
Undetermined_S0_R1_001	DEFB1	9767	8149
Undetermined_S0_R1_001	DKK1	246	241
Undetermined_S0_R1_001	DPP4	429	409
Undetermined_S0_R1_001	DYNLT3	3389	3187
Undetermined_S0_R1_001	EDN3	8	8
Undetermined_S0_R1_001	EDNRB	346	329
Undetermined_S0_R1_001	EFNA1	1869	1658
Undetermined_S0_R1_001	ENPEP	21	19
Undetermined_S0_R1_001	ERCC_00004	66	66
Undetermined_S0_R1_001	ERCC_00108	7	7
Undetermined_S0_R1_001	ERCC_00116	1	1
Undetermined_S0_R1_001	ERCC_00136	20	20
Undetermined_S0_R1_001	G0S2	312	307
Undetermined_S0_R1_001	GADD45A	997	928
Undetermined_S0_R1_001	GBP2	2463	2288
Undetermined_S0_R1_001	GNLY	20031	16814
Undetermined_S0_R1_001	GPX3	14456	12197
Undetermined_S0_R1_001	HABP2	453	450
Undetermined_S0_R1_001	HMBS	180	178
Undetermined_S0_R1_001	ID4	5219	4819
Undetermined_S0_R1_001	IDO1	2167	1960
Undetermined_S0_R1_001	IGFBP1	180	177
Undetermined_S0_R1_001	IL15	844	612
Undetermined_S0_R1_001	LAMB3	1487	1452
Undetermined_S0_R1_001	MAOA	2030	1884
Undetermined_S0_R1_001	MAP3K5	864	827
Undetermined_S0_R1_001	MMP7	491	483
Undetermined_S0_R1_001	MT1G	32011	21412
Undetermined_S0_R1_001	MT1H	5159	4832
Undetermined_S0_R1_001	NDRG1	1337	1308
Undetermined_S0_R1_001	NNMT	2059	1920
Undetermined_S0_R1_001	OLFM1	20	20
Undetermined_S0_R1_001	PAEP	24140	19498
Undetermined_S0_R1_001	PRUNE2	918	879
Undetermined_S0_R1_001	S100P	6512	5287
Undetermined_S0_R1_001	SDHA	880	852
Undetermined_S0_R1_001	SERPING1	7896	7237
Undetermined_S0_R1_001	SFRP4	147	144
Undetermined_S0_R1_001	SLC1A1	264	261
Undetermined_S0_R1_001	SPP1	4541	4061
Undetermined_S0_R1_001	TBP	243	242
Undetermined_S0_R1_001	TCN1	317	315
Undetermined_S0_R1_001	TSPAN8	929	882
Undetermined_S0_R1_001	unmatched	4291	3418
